{
  "project_info": {
    "project_number": "201538987642",
    "firebase_url": "https://acerestaurant-993a5.firebaseio.com",
    "project_id": "acerestaurant-993a5",
    "storage_bucket": "acerestaurant-993a5.appspot.com"
  },
  "client": [
    {
      "client_info": {
        "mobilesdk_app_id": "1:201538987642:android:99ee921462cc9543",
        "android_client_info": {
          "package_name": "com.example.yaoqiwang.acerestaurant"
        }
      },
      "oauth_client": [
        {
          "client_id": "201538987642-4g01m9ijls745ldg8rdv3jkoqvevos17.apps.googleusercontent.com",
          "client_type": 1,
          "android_info": {
            "package_name": "com.example.yaoqiwang.acerestaurant",
            "certificate_hash": "45dbbf0cd8576837160ba23f3b153f331c616122"
          }
        },
        {
          "client_id": "201538987642-ojhbkbgppjvf1j8pbjk4n2tltbkrk3mf.apps.googleusercontent.com",
          "client_type": 3
        }
      ],
      "api_key": [
        {
          "current_key": "AIzaSyCIB6cIlXmCNbO916li9ltMortBlXPiDZY"
        }
      ],
      "services": {
        "analytics_service": {
          "status": 1
        },
        "appinvite_service": {
          "status": 2,
          "other_platform_oauth_client": [
            {
              "client_id": "201538987642-ojhbkbgppjvf1j8pbjk4n2tltbkrk3mf.apps.googleusercontent.com",
              "client_type": 3
            }
          ]
        },
        "ads_service": {
          "status": 2
        }
      }
    }
  ],
  "configuration_version": "1"
}